# file_id	repo_path
1nYcTAlDzJ9XmK63OkzRl9rwrL1Ysn6A4	assets/uploads/visual/fruit/strawberry.webp
1DCIWQFyfQ7mjK9h33dlRSNmrKP7XP8h0	assets/uploads/visual/fruit/apple.webp
1FSW5HC9GVlR7OAKDNN9-Rk3ZyquubFN4	assets/uploads/visual/fruit/pear.webp
1-TKX--uuMCeYEGY2nTx630FNUPXvy53_	assets/uploads/visual/fruit/banana.webp
1ENdqe3Rvv2RQp316zv4vASfdg7HviPfI	assets/uploads/visual/fruit/hallabong.webp
1WbwQaO_JnLM7j1IBWOC8lcaNcJR517sd	assets/uploads/visual/commission/commissioned-01.webp
160-XL6Ecqx8jw8CKIzcKKsd-Hdau-OK0	assets/uploads/visual/commission/plug.webp
1QnjITetdH3n1aSormKevlS2wlAz-NzlP	assets/uploads/visual/commission/micheal-2001.webp
12MVRpePtj9UNmPkeu-d8wssCRxNwqQZR	assets/uploads/visual/commission/niko-niko-ni.webp
1iABAMeS6ZBusiYbI0dhK3Y9jPb3C6wOv	assets/uploads/visual/copyright/cover-01.webp
1eOIH2l3sfCVXXRD7lb5uXqyXZe8HFFWq	assets/uploads/visual/copyright/cover-02.webp
1SFCQednIWWgDB5SHnrfUanbYzirPkveg	assets/uploads/visual/copyright/mission-01.webp
1T91WZHvmj2z-izFl0e9I-pLGPWtkp6qH	assets/uploads/visual/copyright/mission-02.webp
1hXiRnhxcTbZUJEwzgz-xgMDHMKoVHsaQ	assets/uploads/visual/copyright/mission-03.webp
1AzhKO9Dr8GmfjK6QfjerbPMhPK6AuI_L	assets/uploads/visual/copyright/mission-04.webp
11KNif4Qv53sV1NXhhb0qm9wWXle730Rj	assets/uploads/visual/copyright/mission-05.webp
1LBQkmv7w8PQWNcdP3cdsc3NioY9ax8Gs	assets/uploads/visual/copyright/mission-06.webp
1pFIEhTuCl_E-lr6AkC5o1iFscu8l67y5	assets/uploads/visual/copyright/mission-07.webp
1YHLfrZD1XpXMeaaAG5aMQ6ykQcSbBGAk	assets/uploads/visual/copyright/mission-08.webp
1WOrpd49hw_mAcvDH1dWWLVGinNp4dCZf	assets/uploads/visual/copyright/mission-09.webp
1maRBk7z43eNaf7jtisgrCMhXty-ka8m3	assets/uploads/visual/copyright/mission-10.webp
1vWJBKambPDMAoOFmKEbHfd33q43IHdYN	assets/uploads/visual/myeongpa/place-01.webp
16d0p2ZKUxeXx1zJ-KTBPLGy58gG7_eQG	assets/uploads/visual/myeongpa/place-02.webp
1Gvcv3OlYPDFoqBMmo5xogdh0QQchSgBJ	assets/uploads/visual/myeongpa/place-03.webp
124g4wyhRu1kIEHFrNDCR1FMg1gqEzc_i	assets/uploads/visual/myeongpa/place-04.webp
1Ll8oMD1k1JbsRbv40os1ipJr2PkzHehR	assets/uploads/visual/myeongpa/place-05.webp
1pXoc7_lvfbfoDBfxASme3ciw7hpqdfs_	assets/uploads/visual/myeongpa/place-06.webp
1OVCJPZCRcOy-_ze1a73BqMjqZ90d4WXn	assets/uploads/visual/myeongpa/place-07.webp
1Rmem-HzroVuaFghgCKeyqrIi72Z8maX8	assets/uploads/visual/myeongpa/place-08.webp
1vsQTnOhJMGhWQ0uxXYGsLz_3bIaCpmZK	assets/uploads/visual/myeongpa/ssanghakgol.webp
1P7kQbaAMU-Ytt2j9fp30pJoclyfgTUQC	assets/uploads/visual/myeongpa/aeginangol.webp
1xumFEC2R0Aev-SEeBqq1iu3JQyFEmBOe	assets/uploads/visual/myeongpa/buchaesol.webp
1RS1mBZ6p4g7FBvz3DC1DQ06xkvNXoWo9	assets/uploads/visual/myeongpa/seonangdang.webp
1mnxVvxJzfqZwoYXZA9Yn8zP53IxyE_Kx	assets/uploads/visual/myeongpa/jojeam.webp
1L4_sASYLWLrNfK226NmPTeGgPLVTIAK4	assets/uploads/visual/myeongpa/mungwanseok.webp
1yq5q-x-JIwAzTNrNeQDRZ0We6oYwBJs9	assets/uploads/visual/myeongpa/portrait-isuok.webp
1CviIc5LeC9iRXpSmqB8ZGS0Nx3yNJT7w	assets/uploads/visual/myeongpa/genre-myeongpa.webp
1mFqRmFJQptuhJzA10_2ye9RTr9VwlY7Z	assets/uploads/visual/myeongpa/portrait-seopilhui.webp
1LyhQN-K1a2jQvt0R6Z3fu20gJIm_mqV6	assets/uploads/visual/myeongpa/portrait-kimdaeseon.webp
1XGLgKZG1CpmwiLFVstGXd4vsg_6XJGci	assets/uploads/visual/myeongpa/portrait-igyeongae.webp
1HzR6B7jNSEYuI1yM-PiI487MXfrS9OH0	assets/uploads/visual/myeongpa/portrait-ijaehun.webp
1lY-D1-qW4omKeV7gDcd544qhMkr25D8j	assets/uploads/visual/myeongpa/portrait-jangseokgwon.webp
1g_79Ry-dlV2tIv4OReF7rGw3SsszIuhE	assets/uploads/visual/myeongpa/portrait-kimnamyeong.webp
11pDrc9W1gc447qEwj1OHUa878BW4kOUW	assets/uploads/visual/myeongpa/portrait-bunyeo.webp
1f60o45VbxNUZbvExW74Gr1e0llE18Fju	assets/uploads/visual/myeongpa/portrait-bakyonggi.webp
1CiET3ugW62W5ddZHgv6wymKJgKZOFhdy	assets/uploads/visual/myeongpa/portrait-senior-secretary.webp
1oHtmueb18rSoUvEkBtudkRAEpz_6Z0Hm	assets/uploads/visual/myeongpa/portrait-oseonhui.webp
1fLS8KgepKmwuUKoYbUwR2zOHtjHK9fb8	assets/uploads/visual/myeongpa/portrait-jobyeonghun.webp
1GNLe10BENz0HH66EgwkTG37JjyjfxHet	assets/uploads/visual/myeongpa/portrait-ibeomgyu.webp
1U-3aTe63pTq-vKMKkegdxCWc2aCClurj	assets/uploads/visual/myeongpa/portrait-shelter-minbak.webp
1NMMY8c2a2zXx6lT_yRKpNCm5TnNj3jXp	assets/uploads/visual/myeongpa/portrait-jangsanoak.webp
19mxODHNtw8r598Kaw-IUcuwklRWWAusW	assets/uploads/visual/myeongpa/portrait-imyeongoak.webp
1AtRZPEYSdL3aAEXbDG9_E--4kBhCizll	assets/uploads/visual/myeongpa/portrait-wonseonja.webp
1NNeDIXpcbYhQsvUJv62XF4My6DdnyQ1v	assets/uploads/visual/myeongpa/portrait-haedanghwa.webp
1GS0J5z2qwoPu9JzXudAF91w3lS3kiyBL	assets/uploads/visual/myeongpa/portrait-bokhui-yubok.webp
1TKxDgmixSpXzaiczy7y8dtuQgmF3g9UZ	assets/uploads/visual/myeongpa/portrait-josunnam.webp
1yApJRPw-7r-vRJ9ehYeuxN_d9Eo7yckM	assets/uploads/visual/myeongpa/portrait-jojeongwon.webp
1PR0anB_0KcpCkrPUglyZQMDUd_EY5xLH	assets/uploads/visual/myeongpa/portrait-ichunok.webp
